filepath,emotion
features/mel_specs/03-01-01-01-01-01-01.png,neutral
features/mel_specs/03-01-01-01-01-02-01.png,neutral
features/mel_specs/03-01-01-01-02-01-01.png,neutral
features/mel_specs/03-01-01-01-02-02-01.png,neutral
features/mel_specs/03-01-02-01-01-01-01.png,calm
features/mel_specs/03-01-02-01-01-02-01.png,calm
features/mel_specs/03-01-02-01-02-01-01.png,calm
features/mel_specs/03-01-02-01-02-02-01.png,calm
features/mel_specs/03-01-02-02-01-01-01.png,calm
features/mel_specs/03-01-02-02-01-02-01.png,calm
features/mel_specs/03-01-02-02-02-01-01.png,calm
features/mel_specs/03-01-02-02-02-02-01.png,calm
features/mel_specs/03-01-03-01-01-01-01.png,happy
features/mel_specs/03-01-03-01-01-02-01.png,happy
features/mel_specs/03-01-03-01-02-01-01.png,happy
features/mel_specs/03-01-03-01-02-02-01.png,happy
features/mel_specs/03-01-03-02-01-01-01.png,happy
features/mel_specs/03-01-03-02-01-02-01.png,happy
features/mel_specs/03-01-03-02-02-01-01.png,happy
features/mel_specs/03-01-03-02-02-02-01.png,happy
features/mel_specs/03-01-04-01-01-01-01.png,sad
features/mel_specs/03-01-04-01-01-02-01.png,sad
features/mel_specs/03-01-04-01-02-01-01.png,sad
features/mel_specs/03-01-04-01-02-02-01.png,sad
features/mel_specs/03-01-04-02-01-01-01.png,sad
features/mel_specs/03-01-04-02-01-02-01.png,sad
features/mel_specs/03-01-04-02-02-01-01.png,sad
features/mel_specs/03-01-04-02-02-02-01.png,sad
features/mel_specs/03-01-05-01-01-01-01.png,angry
features/mel_specs/03-01-05-01-01-02-01.png,angry
features/mel_specs/03-01-05-01-02-01-01.png,angry
features/mel_specs/03-01-05-01-02-02-01.png,angry
features/mel_specs/03-01-05-02-01-01-01.png,angry
features/mel_specs/03-01-05-02-01-02-01.png,angry
features/mel_specs/03-01-05-02-02-01-01.png,angry
features/mel_specs/03-01-05-02-02-02-01.png,angry
features/mel_specs/03-01-06-01-01-01-01.png,fear
features/mel_specs/03-01-06-01-01-02-01.png,fear
features/mel_specs/03-01-06-01-02-01-01.png,fear
features/mel_specs/03-01-06-01-02-02-01.png,fear
features/mel_specs/03-01-06-02-01-01-01.png,fear
features/mel_specs/03-01-06-02-01-02-01.png,fear
features/mel_specs/03-01-06-02-02-01-01.png,fear
features/mel_specs/03-01-06-02-02-02-01.png,fear
features/mel_specs/03-01-07-01-01-01-01.png,disgust
features/mel_specs/03-01-07-01-01-02-01.png,disgust
features/mel_specs/03-01-07-01-02-01-01.png,disgust
features/mel_specs/03-01-07-01-02-02-01.png,disgust
features/mel_specs/03-01-07-02-01-01-01.png,disgust
features/mel_specs/03-01-07-02-01-02-01.png,disgust
features/mel_specs/03-01-07-02-02-01-01.png,disgust
features/mel_specs/03-01-07-02-02-02-01.png,disgust
features/mel_specs/03-01-08-01-01-01-01.png,surprise
features/mel_specs/03-01-08-01-01-02-01.png,surprise
features/mel_specs/03-01-08-01-02-01-01.png,surprise
features/mel_specs/03-01-08-01-02-02-01.png,surprise
features/mel_specs/03-01-08-02-01-01-01.png,surprise
features/mel_specs/03-01-08-02-01-02-01.png,surprise
features/mel_specs/03-01-08-02-02-01-01.png,surprise
features/mel_specs/03-01-08-02-02-02-01.png,surprise
features/mel_specs/03-01-01-01-01-01-02.png,neutral
features/mel_specs/03-01-01-01-01-02-02.png,neutral
features/mel_specs/03-01-01-01-02-01-02.png,neutral
features/mel_specs/03-01-01-01-02-02-02.png,neutral
features/mel_specs/03-01-02-01-01-01-02.png,calm
features/mel_specs/03-01-02-01-01-02-02.png,calm
features/mel_specs/03-01-02-01-02-01-02.png,calm
features/mel_specs/03-01-02-01-02-02-02.png,calm
features/mel_specs/03-01-02-02-01-01-02.png,calm
features/mel_specs/03-01-02-02-01-02-02.png,calm
features/mel_specs/03-01-02-02-02-01-02.png,calm
features/mel_specs/03-01-02-02-02-02-02.png,calm
features/mel_specs/03-01-03-01-01-01-02.png,happy
features/mel_specs/03-01-03-01-01-02-02.png,happy
features/mel_specs/03-01-03-01-02-01-02.png,happy
features/mel_specs/03-01-03-01-02-02-02.png,happy
features/mel_specs/03-01-03-02-01-01-02.png,happy
features/mel_specs/03-01-03-02-01-02-02.png,happy
features/mel_specs/03-01-03-02-02-01-02.png,happy
features/mel_specs/03-01-03-02-02-02-02.png,happy
features/mel_specs/03-01-04-01-01-01-02.png,sad
features/mel_specs/03-01-04-01-01-02-02.png,sad
features/mel_specs/03-01-04-01-02-01-02.png,sad
features/mel_specs/03-01-04-01-02-02-02.png,sad
features/mel_specs/03-01-04-02-01-01-02.png,sad
features/mel_specs/03-01-04-02-01-02-02.png,sad
features/mel_specs/03-01-04-02-02-01-02.png,sad
features/mel_specs/03-01-04-02-02-02-02.png,sad
features/mel_specs/03-01-05-01-01-01-02.png,angry
features/mel_specs/03-01-05-01-01-02-02.png,angry
features/mel_specs/03-01-05-01-02-01-02.png,angry
features/mel_specs/03-01-05-01-02-02-02.png,angry
features/mel_specs/03-01-05-02-01-01-02.png,angry
features/mel_specs/03-01-05-02-01-02-02.png,angry
features/mel_specs/03-01-05-02-02-01-02.png,angry
features/mel_specs/03-01-05-02-02-02-02.png,angry
features/mel_specs/03-01-06-01-01-01-02.png,fear
features/mel_specs/03-01-06-01-01-02-02.png,fear
features/mel_specs/03-01-06-01-02-01-02.png,fear
features/mel_specs/03-01-06-01-02-02-02.png,fear
features/mel_specs/03-01-06-02-01-01-02.png,fear
features/mel_specs/03-01-06-02-01-02-02.png,fear
features/mel_specs/03-01-06-02-02-01-02.png,fear
features/mel_specs/03-01-06-02-02-02-02.png,fear
features/mel_specs/03-01-07-01-01-01-02.png,disgust
features/mel_specs/03-01-07-01-01-02-02.png,disgust
features/mel_specs/03-01-07-01-02-01-02.png,disgust
features/mel_specs/03-01-07-01-02-02-02.png,disgust
features/mel_specs/03-01-07-02-01-01-02.png,disgust
features/mel_specs/03-01-07-02-01-02-02.png,disgust
features/mel_specs/03-01-07-02-02-01-02.png,disgust
features/mel_specs/03-01-07-02-02-02-02.png,disgust
features/mel_specs/03-01-08-01-01-01-02.png,surprise
features/mel_specs/03-01-08-01-01-02-02.png,surprise
features/mel_specs/03-01-08-01-02-01-02.png,surprise
features/mel_specs/03-01-08-01-02-02-02.png,surprise
features/mel_specs/03-01-08-02-01-01-02.png,surprise
features/mel_specs/03-01-08-02-01-02-02.png,surprise
features/mel_specs/03-01-08-02-02-01-02.png,surprise
features/mel_specs/03-01-08-02-02-02-02.png,surprise
features/mel_specs/03-01-01-01-01-01-03.png,neutral
features/mel_specs/03-01-01-01-01-02-03.png,neutral
features/mel_specs/03-01-01-01-02-01-03.png,neutral
features/mel_specs/03-01-01-01-02-02-03.png,neutral
features/mel_specs/03-01-02-01-01-01-03.png,calm
features/mel_specs/03-01-02-01-01-02-03.png,calm
features/mel_specs/03-01-02-01-02-01-03.png,calm
features/mel_specs/03-01-02-01-02-02-03.png,calm
features/mel_specs/03-01-02-02-01-01-03.png,calm
features/mel_specs/03-01-02-02-01-02-03.png,calm
features/mel_specs/03-01-02-02-02-01-03.png,calm
features/mel_specs/03-01-02-02-02-02-03.png,calm
features/mel_specs/03-01-03-01-01-01-03.png,happy
features/mel_specs/03-01-03-01-01-02-03.png,happy
features/mel_specs/03-01-03-01-02-01-03.png,happy
features/mel_specs/03-01-03-01-02-02-03.png,happy
features/mel_specs/03-01-03-02-01-01-03.png,happy
features/mel_specs/03-01-03-02-01-02-03.png,happy
features/mel_specs/03-01-03-02-02-01-03.png,happy
features/mel_specs/03-01-03-02-02-02-03.png,happy
features/mel_specs/03-01-04-01-01-01-03.png,sad
features/mel_specs/03-01-04-01-01-02-03.png,sad
features/mel_specs/03-01-04-01-02-01-03.png,sad
features/mel_specs/03-01-04-01-02-02-03.png,sad
features/mel_specs/03-01-04-02-01-01-03.png,sad
features/mel_specs/03-01-04-02-01-02-03.png,sad
features/mel_specs/03-01-04-02-02-01-03.png,sad
features/mel_specs/03-01-04-02-02-02-03.png,sad
features/mel_specs/03-01-05-01-01-01-03.png,angry
features/mel_specs/03-01-05-01-01-02-03.png,angry
features/mel_specs/03-01-05-01-02-01-03.png,angry
features/mel_specs/03-01-05-01-02-02-03.png,angry
features/mel_specs/03-01-05-02-01-01-03.png,angry
features/mel_specs/03-01-05-02-01-02-03.png,angry
features/mel_specs/03-01-05-02-02-01-03.png,angry
features/mel_specs/03-01-05-02-02-02-03.png,angry
features/mel_specs/03-01-06-01-01-01-03.png,fear
features/mel_specs/03-01-06-01-01-02-03.png,fear
features/mel_specs/03-01-06-01-02-01-03.png,fear
features/mel_specs/03-01-06-01-02-02-03.png,fear
features/mel_specs/03-01-06-02-01-01-03.png,fear
features/mel_specs/03-01-06-02-01-02-03.png,fear
features/mel_specs/03-01-06-02-02-01-03.png,fear
features/mel_specs/03-01-06-02-02-02-03.png,fear
features/mel_specs/03-01-07-01-01-01-03.png,disgust
features/mel_specs/03-01-07-01-01-02-03.png,disgust
features/mel_specs/03-01-07-01-02-01-03.png,disgust
features/mel_specs/03-01-07-01-02-02-03.png,disgust
features/mel_specs/03-01-07-02-01-01-03.png,disgust
features/mel_specs/03-01-07-02-01-02-03.png,disgust
features/mel_specs/03-01-07-02-02-01-03.png,disgust
features/mel_specs/03-01-07-02-02-02-03.png,disgust
features/mel_specs/03-01-08-01-01-01-03.png,surprise
features/mel_specs/03-01-08-01-01-02-03.png,surprise
features/mel_specs/03-01-08-01-02-01-03.png,surprise
features/mel_specs/03-01-08-01-02-02-03.png,surprise
features/mel_specs/03-01-08-02-01-01-03.png,surprise
features/mel_specs/03-01-08-02-01-02-03.png,surprise
features/mel_specs/03-01-08-02-02-01-03.png,surprise
features/mel_specs/03-01-08-02-02-02-03.png,surprise
features/mel_specs/03-01-01-01-01-01-04.png,neutral
features/mel_specs/03-01-01-01-01-02-04.png,neutral
features/mel_specs/03-01-01-01-02-01-04.png,neutral
features/mel_specs/03-01-01-01-02-02-04.png,neutral
features/mel_specs/03-01-02-01-01-01-04.png,calm
features/mel_specs/03-01-02-01-01-02-04.png,calm
features/mel_specs/03-01-02-01-02-01-04.png,calm
features/mel_specs/03-01-02-01-02-02-04.png,calm
features/mel_specs/03-01-02-02-01-01-04.png,calm
features/mel_specs/03-01-02-02-01-02-04.png,calm
features/mel_specs/03-01-02-02-02-01-04.png,calm
features/mel_specs/03-01-02-02-02-02-04.png,calm
features/mel_specs/03-01-03-01-01-01-04.png,happy
features/mel_specs/03-01-03-01-01-02-04.png,happy
features/mel_specs/03-01-03-01-02-01-04.png,happy
features/mel_specs/03-01-03-01-02-02-04.png,happy
features/mel_specs/03-01-03-02-01-01-04.png,happy
features/mel_specs/03-01-03-02-01-02-04.png,happy
features/mel_specs/03-01-03-02-02-01-04.png,happy
features/mel_specs/03-01-03-02-02-02-04.png,happy
features/mel_specs/03-01-04-01-01-01-04.png,sad
features/mel_specs/03-01-04-01-01-02-04.png,sad
features/mel_specs/03-01-04-01-02-01-04.png,sad
features/mel_specs/03-01-04-01-02-02-04.png,sad
features/mel_specs/03-01-04-02-01-01-04.png,sad
features/mel_specs/03-01-04-02-01-02-04.png,sad
features/mel_specs/03-01-04-02-02-01-04.png,sad
features/mel_specs/03-01-04-02-02-02-04.png,sad
features/mel_specs/03-01-05-01-01-01-04.png,angry
features/mel_specs/03-01-05-01-01-02-04.png,angry
features/mel_specs/03-01-05-01-02-01-04.png,angry
features/mel_specs/03-01-05-01-02-02-04.png,angry
features/mel_specs/03-01-05-02-01-01-04.png,angry
features/mel_specs/03-01-05-02-01-02-04.png,angry
features/mel_specs/03-01-05-02-02-01-04.png,angry
features/mel_specs/03-01-05-02-02-02-04.png,angry
features/mel_specs/03-01-06-01-01-01-04.png,fear
features/mel_specs/03-01-06-01-01-02-04.png,fear
features/mel_specs/03-01-06-01-02-01-04.png,fear
features/mel_specs/03-01-06-01-02-02-04.png,fear
features/mel_specs/03-01-06-02-01-01-04.png,fear
features/mel_specs/03-01-06-02-01-02-04.png,fear
features/mel_specs/03-01-06-02-02-01-04.png,fear
features/mel_specs/03-01-06-02-02-02-04.png,fear
features/mel_specs/03-01-07-01-01-01-04.png,disgust
features/mel_specs/03-01-07-01-01-02-04.png,disgust
features/mel_specs/03-01-07-01-02-01-04.png,disgust
features/mel_specs/03-01-07-01-02-02-04.png,disgust
features/mel_specs/03-01-07-02-01-01-04.png,disgust
features/mel_specs/03-01-07-02-01-02-04.png,disgust
features/mel_specs/03-01-07-02-02-01-04.png,disgust
features/mel_specs/03-01-07-02-02-02-04.png,disgust
features/mel_specs/03-01-08-01-01-01-04.png,surprise
features/mel_specs/03-01-08-01-01-02-04.png,surprise
features/mel_specs/03-01-08-01-02-01-04.png,surprise
features/mel_specs/03-01-08-01-02-02-04.png,surprise
features/mel_specs/03-01-08-02-01-01-04.png,surprise
features/mel_specs/03-01-08-02-01-02-04.png,surprise
features/mel_specs/03-01-08-02-02-01-04.png,surprise
features/mel_specs/03-01-08-02-02-02-04.png,surprise
features/mel_specs/03-01-01-01-01-01-05.png,neutral
features/mel_specs/03-01-01-01-01-02-05.png,neutral
features/mel_specs/03-01-01-01-02-01-05.png,neutral
features/mel_specs/03-01-01-01-02-02-05.png,neutral
features/mel_specs/03-01-02-01-01-01-05.png,calm
features/mel_specs/03-01-02-01-01-02-05.png,calm
features/mel_specs/03-01-02-01-02-01-05.png,calm
features/mel_specs/03-01-02-01-02-02-05.png,calm
features/mel_specs/03-01-02-02-01-01-05.png,calm
features/mel_specs/03-01-02-02-01-02-05.png,calm
features/mel_specs/03-01-02-02-02-01-05.png,calm
features/mel_specs/03-01-02-02-02-02-05.png,calm
features/mel_specs/03-01-03-01-01-01-05.png,happy
features/mel_specs/03-01-03-01-01-02-05.png,happy
features/mel_specs/03-01-03-01-02-01-05.png,happy
features/mel_specs/03-01-03-01-02-02-05.png,happy
features/mel_specs/03-01-03-02-01-01-05.png,happy
features/mel_specs/03-01-03-02-01-02-05.png,happy
features/mel_specs/03-01-03-02-02-01-05.png,happy
features/mel_specs/03-01-03-02-02-02-05.png,happy
features/mel_specs/03-01-04-01-01-01-05.png,sad
features/mel_specs/03-01-04-01-01-02-05.png,sad
features/mel_specs/03-01-04-01-02-01-05.png,sad
features/mel_specs/03-01-04-01-02-02-05.png,sad
features/mel_specs/03-01-04-02-01-01-05.png,sad
features/mel_specs/03-01-04-02-01-02-05.png,sad
features/mel_specs/03-01-04-02-02-01-05.png,sad
features/mel_specs/03-01-04-02-02-02-05.png,sad
features/mel_specs/03-01-05-01-01-01-05.png,angry
features/mel_specs/03-01-05-01-01-02-05.png,angry
features/mel_specs/03-01-05-01-02-01-05.png,angry
features/mel_specs/03-01-05-01-02-02-05.png,angry
features/mel_specs/03-01-05-02-01-01-05.png,angry
features/mel_specs/03-01-05-02-01-02-05.png,angry
features/mel_specs/03-01-05-02-02-01-05.png,angry
features/mel_specs/03-01-05-02-02-02-05.png,angry
features/mel_specs/03-01-06-01-01-01-05.png,fear
features/mel_specs/03-01-06-01-01-02-05.png,fear
features/mel_specs/03-01-06-01-02-01-05.png,fear
features/mel_specs/03-01-06-01-02-02-05.png,fear
features/mel_specs/03-01-06-02-01-01-05.png,fear
features/mel_specs/03-01-06-02-01-02-05.png,fear
features/mel_specs/03-01-06-02-02-01-05.png,fear
features/mel_specs/03-01-06-02-02-02-05.png,fear
features/mel_specs/03-01-07-01-01-01-05.png,disgust
features/mel_specs/03-01-07-01-01-02-05.png,disgust
features/mel_specs/03-01-07-01-02-01-05.png,disgust
features/mel_specs/03-01-07-01-02-02-05.png,disgust
features/mel_specs/03-01-07-02-01-01-05.png,disgust
features/mel_specs/03-01-07-02-01-02-05.png,disgust
features/mel_specs/03-01-07-02-02-01-05.png,disgust
features/mel_specs/03-01-07-02-02-02-05.png,disgust
features/mel_specs/03-01-08-01-01-01-05.png,surprise
features/mel_specs/03-01-08-01-01-02-05.png,surprise
features/mel_specs/03-01-08-01-02-01-05.png,surprise
features/mel_specs/03-01-08-01-02-02-05.png,surprise
features/mel_specs/03-01-08-02-01-01-05.png,surprise
features/mel_specs/03-01-08-02-01-02-05.png,surprise
features/mel_specs/03-01-08-02-02-01-05.png,surprise
features/mel_specs/03-01-08-02-02-02-05.png,surprise
features/mel_specs/03-01-01-01-01-01-06.png,neutral
features/mel_specs/03-01-01-01-01-02-06.png,neutral
features/mel_specs/03-01-01-01-02-01-06.png,neutral
features/mel_specs/03-01-01-01-02-02-06.png,neutral
features/mel_specs/03-01-02-01-01-01-06.png,calm
features/mel_specs/03-01-02-01-01-02-06.png,calm
features/mel_specs/03-01-02-01-02-01-06.png,calm
features/mel_specs/03-01-02-01-02-02-06.png,calm
features/mel_specs/03-01-02-02-01-01-06.png,calm
features/mel_specs/03-01-02-02-01-02-06.png,calm
features/mel_specs/03-01-02-02-02-01-06.png,calm
features/mel_specs/03-01-02-02-02-02-06.png,calm
features/mel_specs/03-01-03-01-01-01-06.png,happy
features/mel_specs/03-01-03-01-01-02-06.png,happy
features/mel_specs/03-01-03-01-02-01-06.png,happy
features/mel_specs/03-01-03-01-02-02-06.png,happy
features/mel_specs/03-01-03-02-01-01-06.png,happy
features/mel_specs/03-01-03-02-01-02-06.png,happy
features/mel_specs/03-01-03-02-02-01-06.png,happy
features/mel_specs/03-01-03-02-02-02-06.png,happy
features/mel_specs/03-01-04-01-01-01-06.png,sad
features/mel_specs/03-01-04-01-01-02-06.png,sad
features/mel_specs/03-01-04-01-02-01-06.png,sad
features/mel_specs/03-01-04-01-02-02-06.png,sad
features/mel_specs/03-01-04-02-01-01-06.png,sad
features/mel_specs/03-01-04-02-01-02-06.png,sad
features/mel_specs/03-01-04-02-02-01-06.png,sad
features/mel_specs/03-01-04-02-02-02-06.png,sad
features/mel_specs/03-01-05-01-01-01-06.png,angry
features/mel_specs/03-01-05-01-01-02-06.png,angry
features/mel_specs/03-01-05-01-02-01-06.png,angry
features/mel_specs/03-01-05-01-02-02-06.png,angry
features/mel_specs/03-01-05-02-01-01-06.png,angry
features/mel_specs/03-01-05-02-01-02-06.png,angry
features/mel_specs/03-01-05-02-02-01-06.png,angry
features/mel_specs/03-01-05-02-02-02-06.png,angry
features/mel_specs/03-01-06-01-01-01-06.png,fear
features/mel_specs/03-01-06-01-01-02-06.png,fear
features/mel_specs/03-01-06-01-02-01-06.png,fear
features/mel_specs/03-01-06-01-02-02-06.png,fear
features/mel_specs/03-01-06-02-01-01-06.png,fear
features/mel_specs/03-01-06-02-01-02-06.png,fear
features/mel_specs/03-01-06-02-02-01-06.png,fear
features/mel_specs/03-01-06-02-02-02-06.png,fear
features/mel_specs/03-01-07-01-01-01-06.png,disgust
features/mel_specs/03-01-07-01-01-02-06.png,disgust
features/mel_specs/03-01-07-01-02-01-06.png,disgust
features/mel_specs/03-01-07-01-02-02-06.png,disgust
features/mel_specs/03-01-07-02-01-01-06.png,disgust
features/mel_specs/03-01-07-02-01-02-06.png,disgust
features/mel_specs/03-01-07-02-02-01-06.png,disgust
features/mel_specs/03-01-07-02-02-02-06.png,disgust
features/mel_specs/03-01-08-01-01-01-06.png,surprise
features/mel_specs/03-01-08-01-01-02-06.png,surprise
features/mel_specs/03-01-08-01-02-01-06.png,surprise
features/mel_specs/03-01-08-01-02-02-06.png,surprise
features/mel_specs/03-01-08-02-01-01-06.png,surprise
features/mel_specs/03-01-08-02-01-02-06.png,surprise
features/mel_specs/03-01-08-02-02-01-06.png,surprise
features/mel_specs/03-01-08-02-02-02-06.png,surprise
features/mel_specs/03-01-01-01-01-01-07.png,neutral
features/mel_specs/03-01-01-01-01-02-07.png,neutral
features/mel_specs/03-01-01-01-02-01-07.png,neutral
features/mel_specs/03-01-01-01-02-02-07.png,neutral
features/mel_specs/03-01-02-01-01-01-07.png,calm
features/mel_specs/03-01-02-01-01-02-07.png,calm
features/mel_specs/03-01-02-01-02-01-07.png,calm
features/mel_specs/03-01-02-01-02-02-07.png,calm
features/mel_specs/03-01-02-02-01-01-07.png,calm
features/mel_specs/03-01-02-02-01-02-07.png,calm
features/mel_specs/03-01-02-02-02-01-07.png,calm
features/mel_specs/03-01-02-02-02-02-07.png,calm
features/mel_specs/03-01-03-01-01-01-07.png,happy
features/mel_specs/03-01-03-01-01-02-07.png,happy
features/mel_specs/03-01-03-01-02-01-07.png,happy
features/mel_specs/03-01-03-01-02-02-07.png,happy
features/mel_specs/03-01-03-02-01-01-07.png,happy
features/mel_specs/03-01-03-02-01-02-07.png,happy
features/mel_specs/03-01-03-02-02-01-07.png,happy
features/mel_specs/03-01-03-02-02-02-07.png,happy
features/mel_specs/03-01-04-01-01-01-07.png,sad
features/mel_specs/03-01-04-01-01-02-07.png,sad
features/mel_specs/03-01-04-01-02-01-07.png,sad
features/mel_specs/03-01-04-01-02-02-07.png,sad
features/mel_specs/03-01-04-02-01-01-07.png,sad
features/mel_specs/03-01-04-02-01-02-07.png,sad
features/mel_specs/03-01-04-02-02-01-07.png,sad
features/mel_specs/03-01-04-02-02-02-07.png,sad
features/mel_specs/03-01-05-01-01-01-07.png,angry
features/mel_specs/03-01-05-01-01-02-07.png,angry
features/mel_specs/03-01-05-01-02-01-07.png,angry
features/mel_specs/03-01-05-01-02-02-07.png,angry
features/mel_specs/03-01-05-02-01-01-07.png,angry
features/mel_specs/03-01-05-02-01-02-07.png,angry
features/mel_specs/03-01-05-02-02-01-07.png,angry
features/mel_specs/03-01-05-02-02-02-07.png,angry
features/mel_specs/03-01-06-01-01-01-07.png,fear
features/mel_specs/03-01-06-01-01-02-07.png,fear
features/mel_specs/03-01-06-01-02-01-07.png,fear
features/mel_specs/03-01-06-01-02-02-07.png,fear
features/mel_specs/03-01-06-02-01-01-07.png,fear
features/mel_specs/03-01-06-02-01-02-07.png,fear
features/mel_specs/03-01-06-02-02-01-07.png,fear
features/mel_specs/03-01-06-02-02-02-07.png,fear
features/mel_specs/03-01-07-01-01-01-07.png,disgust
features/mel_specs/03-01-07-01-01-02-07.png,disgust
features/mel_specs/03-01-07-01-02-01-07.png,disgust
features/mel_specs/03-01-07-01-02-02-07.png,disgust
features/mel_specs/03-01-07-02-01-01-07.png,disgust
features/mel_specs/03-01-07-02-01-02-07.png,disgust
features/mel_specs/03-01-07-02-02-01-07.png,disgust
features/mel_specs/03-01-07-02-02-02-07.png,disgust
features/mel_specs/03-01-08-01-01-01-07.png,surprise
features/mel_specs/03-01-08-01-01-02-07.png,surprise
features/mel_specs/03-01-08-01-02-01-07.png,surprise
features/mel_specs/03-01-08-01-02-02-07.png,surprise
features/mel_specs/03-01-08-02-01-01-07.png,surprise
features/mel_specs/03-01-08-02-01-02-07.png,surprise
features/mel_specs/03-01-08-02-02-01-07.png,surprise
features/mel_specs/03-01-08-02-02-02-07.png,surprise
features/mel_specs/03-01-01-01-01-01-08.png,neutral
features/mel_specs/03-01-01-01-01-02-08.png,neutral
features/mel_specs/03-01-01-01-02-01-08.png,neutral
features/mel_specs/03-01-01-01-02-02-08.png,neutral
features/mel_specs/03-01-02-01-01-01-08.png,calm
features/mel_specs/03-01-02-01-01-02-08.png,calm
features/mel_specs/03-01-02-01-02-01-08.png,calm
features/mel_specs/03-01-02-01-02-02-08.png,calm
features/mel_specs/03-01-02-02-01-01-08.png,calm
features/mel_specs/03-01-02-02-01-02-08.png,calm
features/mel_specs/03-01-02-02-02-01-08.png,calm
features/mel_specs/03-01-02-02-02-02-08.png,calm
features/mel_specs/03-01-03-01-01-01-08.png,happy
features/mel_specs/03-01-03-01-01-02-08.png,happy
features/mel_specs/03-01-03-01-02-01-08.png,happy
features/mel_specs/03-01-03-01-02-02-08.png,happy
features/mel_specs/03-01-03-02-01-01-08.png,happy
features/mel_specs/03-01-03-02-01-02-08.png,happy
features/mel_specs/03-01-03-02-02-01-08.png,happy
features/mel_specs/03-01-03-02-02-02-08.png,happy
features/mel_specs/03-01-04-01-01-01-08.png,sad
features/mel_specs/03-01-04-01-01-02-08.png,sad
features/mel_specs/03-01-04-01-02-01-08.png,sad
features/mel_specs/03-01-04-01-02-02-08.png,sad
features/mel_specs/03-01-04-02-01-01-08.png,sad
features/mel_specs/03-01-04-02-01-02-08.png,sad
features/mel_specs/03-01-04-02-02-01-08.png,sad
features/mel_specs/03-01-04-02-02-02-08.png,sad
features/mel_specs/03-01-05-01-01-01-08.png,angry
features/mel_specs/03-01-05-01-01-02-08.png,angry
features/mel_specs/03-01-05-01-02-01-08.png,angry
features/mel_specs/03-01-05-01-02-02-08.png,angry
features/mel_specs/03-01-05-02-01-01-08.png,angry
features/mel_specs/03-01-05-02-01-02-08.png,angry
features/mel_specs/03-01-05-02-02-01-08.png,angry
features/mel_specs/03-01-05-02-02-02-08.png,angry
features/mel_specs/03-01-06-01-01-01-08.png,fear
features/mel_specs/03-01-06-01-01-02-08.png,fear
features/mel_specs/03-01-06-01-02-01-08.png,fear
features/mel_specs/03-01-06-01-02-02-08.png,fear
features/mel_specs/03-01-06-02-01-01-08.png,fear
features/mel_specs/03-01-06-02-01-02-08.png,fear
features/mel_specs/03-01-06-02-02-01-08.png,fear
features/mel_specs/03-01-06-02-02-02-08.png,fear
features/mel_specs/03-01-07-01-01-01-08.png,disgust
features/mel_specs/03-01-07-01-01-02-08.png,disgust
features/mel_specs/03-01-07-01-02-01-08.png,disgust
features/mel_specs/03-01-07-01-02-02-08.png,disgust
features/mel_specs/03-01-07-02-01-01-08.png,disgust
features/mel_specs/03-01-07-02-01-02-08.png,disgust
features/mel_specs/03-01-07-02-02-01-08.png,disgust
features/mel_specs/03-01-07-02-02-02-08.png,disgust
features/mel_specs/03-01-08-01-01-01-08.png,surprise
features/mel_specs/03-01-08-01-01-02-08.png,surprise
features/mel_specs/03-01-08-01-02-01-08.png,surprise
features/mel_specs/03-01-08-01-02-02-08.png,surprise
features/mel_specs/03-01-08-02-01-01-08.png,surprise
features/mel_specs/03-01-08-02-01-02-08.png,surprise
features/mel_specs/03-01-08-02-02-01-08.png,surprise
features/mel_specs/03-01-08-02-02-02-08.png,surprise
features/mel_specs/03-01-01-01-01-01-09.png,neutral
features/mel_specs/03-01-01-01-01-02-09.png,neutral
features/mel_specs/03-01-01-01-02-01-09.png,neutral
features/mel_specs/03-01-01-01-02-02-09.png,neutral
features/mel_specs/03-01-02-01-01-01-09.png,calm
features/mel_specs/03-01-02-01-01-02-09.png,calm
features/mel_specs/03-01-02-01-02-01-09.png,calm
features/mel_specs/03-01-02-01-02-02-09.png,calm
features/mel_specs/03-01-02-02-01-01-09.png,calm
features/mel_specs/03-01-02-02-01-02-09.png,calm
features/mel_specs/03-01-02-02-02-01-09.png,calm
features/mel_specs/03-01-02-02-02-02-09.png,calm
features/mel_specs/03-01-03-01-01-01-09.png,happy
features/mel_specs/03-01-03-01-01-02-09.png,happy
features/mel_specs/03-01-03-01-02-01-09.png,happy
features/mel_specs/03-01-03-01-02-02-09.png,happy
features/mel_specs/03-01-03-02-01-01-09.png,happy
features/mel_specs/03-01-03-02-01-02-09.png,happy
features/mel_specs/03-01-03-02-02-01-09.png,happy
features/mel_specs/03-01-03-02-02-02-09.png,happy
features/mel_specs/03-01-04-01-01-01-09.png,sad
features/mel_specs/03-01-04-01-01-02-09.png,sad
features/mel_specs/03-01-04-01-02-01-09.png,sad
features/mel_specs/03-01-04-01-02-02-09.png,sad
features/mel_specs/03-01-04-02-01-01-09.png,sad
features/mel_specs/03-01-04-02-01-02-09.png,sad
features/mel_specs/03-01-04-02-02-01-09.png,sad
features/mel_specs/03-01-04-02-02-02-09.png,sad
features/mel_specs/03-01-05-01-01-01-09.png,angry
features/mel_specs/03-01-05-01-01-02-09.png,angry
features/mel_specs/03-01-05-01-02-01-09.png,angry
features/mel_specs/03-01-05-01-02-02-09.png,angry
features/mel_specs/03-01-05-02-01-01-09.png,angry
features/mel_specs/03-01-05-02-01-02-09.png,angry
features/mel_specs/03-01-05-02-02-01-09.png,angry
features/mel_specs/03-01-05-02-02-02-09.png,angry
features/mel_specs/03-01-06-01-01-01-09.png,fear
features/mel_specs/03-01-06-01-01-02-09.png,fear
features/mel_specs/03-01-06-01-02-01-09.png,fear
features/mel_specs/03-01-06-01-02-02-09.png,fear
features/mel_specs/03-01-06-02-01-01-09.png,fear
features/mel_specs/03-01-06-02-01-02-09.png,fear
features/mel_specs/03-01-06-02-02-01-09.png,fear
features/mel_specs/03-01-06-02-02-02-09.png,fear
features/mel_specs/03-01-07-01-01-01-09.png,disgust
features/mel_specs/03-01-07-01-01-02-09.png,disgust
features/mel_specs/03-01-07-01-02-01-09.png,disgust
features/mel_specs/03-01-07-01-02-02-09.png,disgust
features/mel_specs/03-01-07-02-01-01-09.png,disgust
features/mel_specs/03-01-07-02-01-02-09.png,disgust
features/mel_specs/03-01-07-02-02-01-09.png,disgust
features/mel_specs/03-01-07-02-02-02-09.png,disgust
features/mel_specs/03-01-08-01-01-01-09.png,surprise
features/mel_specs/03-01-08-01-01-02-09.png,surprise
features/mel_specs/03-01-08-01-02-01-09.png,surprise
features/mel_specs/03-01-08-01-02-02-09.png,surprise
features/mel_specs/03-01-08-02-01-01-09.png,surprise
features/mel_specs/03-01-08-02-01-02-09.png,surprise
features/mel_specs/03-01-08-02-02-01-09.png,surprise
features/mel_specs/03-01-08-02-02-02-09.png,surprise
features/mel_specs/03-01-01-01-01-01-10.png,neutral
features/mel_specs/03-01-01-01-01-02-10.png,neutral
features/mel_specs/03-01-01-01-02-01-10.png,neutral
features/mel_specs/03-01-01-01-02-02-10.png,neutral
features/mel_specs/03-01-02-01-01-01-10.png,calm
features/mel_specs/03-01-02-01-01-02-10.png,calm
features/mel_specs/03-01-02-01-02-01-10.png,calm
features/mel_specs/03-01-02-01-02-02-10.png,calm
features/mel_specs/03-01-02-02-01-01-10.png,calm
features/mel_specs/03-01-02-02-01-02-10.png,calm
features/mel_specs/03-01-02-02-02-01-10.png,calm
features/mel_specs/03-01-02-02-02-02-10.png,calm
features/mel_specs/03-01-03-01-01-01-10.png,happy
features/mel_specs/03-01-03-01-01-02-10.png,happy
features/mel_specs/03-01-03-01-02-01-10.png,happy
features/mel_specs/03-01-03-01-02-02-10.png,happy
features/mel_specs/03-01-03-02-01-01-10.png,happy
features/mel_specs/03-01-03-02-01-02-10.png,happy
features/mel_specs/03-01-03-02-02-01-10.png,happy
features/mel_specs/03-01-03-02-02-02-10.png,happy
features/mel_specs/03-01-04-01-01-01-10.png,sad
features/mel_specs/03-01-04-01-01-02-10.png,sad
features/mel_specs/03-01-04-01-02-01-10.png,sad
features/mel_specs/03-01-04-01-02-02-10.png,sad
features/mel_specs/03-01-04-02-01-01-10.png,sad
features/mel_specs/03-01-04-02-01-02-10.png,sad
features/mel_specs/03-01-04-02-02-01-10.png,sad
features/mel_specs/03-01-04-02-02-02-10.png,sad
features/mel_specs/03-01-05-01-01-01-10.png,angry
features/mel_specs/03-01-05-01-01-02-10.png,angry
features/mel_specs/03-01-05-01-02-01-10.png,angry
features/mel_specs/03-01-05-01-02-02-10.png,angry
features/mel_specs/03-01-05-02-01-01-10.png,angry
features/mel_specs/03-01-05-02-01-02-10.png,angry
features/mel_specs/03-01-05-02-02-01-10.png,angry
features/mel_specs/03-01-05-02-02-02-10.png,angry
features/mel_specs/03-01-06-01-01-01-10.png,fear
features/mel_specs/03-01-06-01-01-02-10.png,fear
features/mel_specs/03-01-06-01-02-01-10.png,fear
features/mel_specs/03-01-06-01-02-02-10.png,fear
features/mel_specs/03-01-06-02-01-01-10.png,fear
features/mel_specs/03-01-06-02-01-02-10.png,fear
features/mel_specs/03-01-06-02-02-01-10.png,fear
features/mel_specs/03-01-06-02-02-02-10.png,fear
features/mel_specs/03-01-07-01-01-01-10.png,disgust
features/mel_specs/03-01-07-01-01-02-10.png,disgust
features/mel_specs/03-01-07-01-02-01-10.png,disgust
features/mel_specs/03-01-07-01-02-02-10.png,disgust
features/mel_specs/03-01-07-02-01-01-10.png,disgust
features/mel_specs/03-01-07-02-01-02-10.png,disgust
features/mel_specs/03-01-07-02-02-01-10.png,disgust
features/mel_specs/03-01-07-02-02-02-10.png,disgust
features/mel_specs/03-01-08-01-01-01-10.png,surprise
features/mel_specs/03-01-08-01-01-02-10.png,surprise
features/mel_specs/03-01-08-01-02-01-10.png,surprise
features/mel_specs/03-01-08-01-02-02-10.png,surprise
features/mel_specs/03-01-08-02-01-01-10.png,surprise
features/mel_specs/03-01-08-02-01-02-10.png,surprise
features/mel_specs/03-01-08-02-02-01-10.png,surprise
features/mel_specs/03-01-08-02-02-02-10.png,surprise
features/mel_specs/03-01-01-01-01-01-11.png,neutral
features/mel_specs/03-01-01-01-01-02-11.png,neutral
features/mel_specs/03-01-01-01-02-01-11.png,neutral
features/mel_specs/03-01-01-01-02-02-11.png,neutral
features/mel_specs/03-01-02-01-01-01-11.png,calm
features/mel_specs/03-01-02-01-01-02-11.png,calm
features/mel_specs/03-01-02-01-02-01-11.png,calm
features/mel_specs/03-01-02-01-02-02-11.png,calm
features/mel_specs/03-01-02-02-01-01-11.png,calm
features/mel_specs/03-01-02-02-01-02-11.png,calm
features/mel_specs/03-01-02-02-02-01-11.png,calm
features/mel_specs/03-01-02-02-02-02-11.png,calm
features/mel_specs/03-01-03-01-01-01-11.png,happy
features/mel_specs/03-01-03-01-01-02-11.png,happy
features/mel_specs/03-01-03-01-02-01-11.png,happy
features/mel_specs/03-01-03-01-02-02-11.png,happy
features/mel_specs/03-01-03-02-01-01-11.png,happy
features/mel_specs/03-01-03-02-01-02-11.png,happy
features/mel_specs/03-01-03-02-02-01-11.png,happy
features/mel_specs/03-01-03-02-02-02-11.png,happy
features/mel_specs/03-01-04-01-01-01-11.png,sad
features/mel_specs/03-01-04-01-01-02-11.png,sad
features/mel_specs/03-01-04-01-02-01-11.png,sad
features/mel_specs/03-01-04-01-02-02-11.png,sad
features/mel_specs/03-01-04-02-01-01-11.png,sad
features/mel_specs/03-01-04-02-01-02-11.png,sad
features/mel_specs/03-01-04-02-02-01-11.png,sad
features/mel_specs/03-01-04-02-02-02-11.png,sad
features/mel_specs/03-01-05-01-01-01-11.png,angry
features/mel_specs/03-01-05-01-01-02-11.png,angry
features/mel_specs/03-01-05-01-02-01-11.png,angry
features/mel_specs/03-01-05-01-02-02-11.png,angry
features/mel_specs/03-01-05-02-01-01-11.png,angry
features/mel_specs/03-01-05-02-01-02-11.png,angry
features/mel_specs/03-01-05-02-02-01-11.png,angry
features/mel_specs/03-01-05-02-02-02-11.png,angry
features/mel_specs/03-01-06-01-01-01-11.png,fear
features/mel_specs/03-01-06-01-01-02-11.png,fear
features/mel_specs/03-01-06-01-02-01-11.png,fear
features/mel_specs/03-01-06-01-02-02-11.png,fear
features/mel_specs/03-01-06-02-01-01-11.png,fear
features/mel_specs/03-01-06-02-01-02-11.png,fear
features/mel_specs/03-01-06-02-02-01-11.png,fear
features/mel_specs/03-01-06-02-02-02-11.png,fear
features/mel_specs/03-01-07-01-01-01-11.png,disgust
features/mel_specs/03-01-07-01-01-02-11.png,disgust
features/mel_specs/03-01-07-01-02-01-11.png,disgust
features/mel_specs/03-01-07-01-02-02-11.png,disgust
features/mel_specs/03-01-07-02-01-01-11.png,disgust
features/mel_specs/03-01-07-02-01-02-11.png,disgust
features/mel_specs/03-01-07-02-02-01-11.png,disgust
features/mel_specs/03-01-07-02-02-02-11.png,disgust
features/mel_specs/03-01-08-01-01-01-11.png,surprise
features/mel_specs/03-01-08-01-01-02-11.png,surprise
features/mel_specs/03-01-08-01-02-01-11.png,surprise
features/mel_specs/03-01-08-01-02-02-11.png,surprise
features/mel_specs/03-01-08-02-01-01-11.png,surprise
features/mel_specs/03-01-08-02-01-02-11.png,surprise
features/mel_specs/03-01-08-02-02-01-11.png,surprise
features/mel_specs/03-01-08-02-02-02-11.png,surprise
features/mel_specs/03-01-01-01-01-01-12.png,neutral
features/mel_specs/03-01-01-01-01-02-12.png,neutral
features/mel_specs/03-01-01-01-02-01-12.png,neutral
features/mel_specs/03-01-01-01-02-02-12.png,neutral
features/mel_specs/03-01-02-01-01-01-12.png,calm
features/mel_specs/03-01-02-01-01-02-12.png,calm
features/mel_specs/03-01-02-01-02-01-12.png,calm
features/mel_specs/03-01-02-01-02-02-12.png,calm
features/mel_specs/03-01-02-02-01-01-12.png,calm
features/mel_specs/03-01-02-02-01-02-12.png,calm
features/mel_specs/03-01-02-02-02-01-12.png,calm
features/mel_specs/03-01-02-02-02-02-12.png,calm
features/mel_specs/03-01-03-01-01-01-12.png,happy
features/mel_specs/03-01-03-01-01-02-12.png,happy
features/mel_specs/03-01-03-01-02-01-12.png,happy
features/mel_specs/03-01-03-01-02-02-12.png,happy
features/mel_specs/03-01-03-02-01-01-12.png,happy
features/mel_specs/03-01-03-02-01-02-12.png,happy
features/mel_specs/03-01-03-02-02-01-12.png,happy
features/mel_specs/03-01-03-02-02-02-12.png,happy
features/mel_specs/03-01-04-01-01-01-12.png,sad
features/mel_specs/03-01-04-01-01-02-12.png,sad
features/mel_specs/03-01-04-01-02-01-12.png,sad
features/mel_specs/03-01-04-01-02-02-12.png,sad
features/mel_specs/03-01-04-02-01-01-12.png,sad
features/mel_specs/03-01-04-02-01-02-12.png,sad
features/mel_specs/03-01-04-02-02-01-12.png,sad
features/mel_specs/03-01-04-02-02-02-12.png,sad
features/mel_specs/03-01-05-01-01-01-12.png,angry
features/mel_specs/03-01-05-01-01-02-12.png,angry
features/mel_specs/03-01-05-01-02-01-12.png,angry
features/mel_specs/03-01-05-01-02-02-12.png,angry
features/mel_specs/03-01-05-02-01-01-12.png,angry
features/mel_specs/03-01-05-02-01-02-12.png,angry
features/mel_specs/03-01-05-02-02-01-12.png,angry
features/mel_specs/03-01-05-02-02-02-12.png,angry
features/mel_specs/03-01-06-01-01-01-12.png,fear
features/mel_specs/03-01-06-01-01-02-12.png,fear
features/mel_specs/03-01-06-01-02-01-12.png,fear
features/mel_specs/03-01-06-01-02-02-12.png,fear
features/mel_specs/03-01-06-02-01-01-12.png,fear
features/mel_specs/03-01-06-02-01-02-12.png,fear
features/mel_specs/03-01-06-02-02-01-12.png,fear
features/mel_specs/03-01-06-02-02-02-12.png,fear
features/mel_specs/03-01-07-01-01-01-12.png,disgust
features/mel_specs/03-01-07-01-01-02-12.png,disgust
features/mel_specs/03-01-07-01-02-01-12.png,disgust
features/mel_specs/03-01-07-01-02-02-12.png,disgust
features/mel_specs/03-01-07-02-01-01-12.png,disgust
features/mel_specs/03-01-07-02-01-02-12.png,disgust
features/mel_specs/03-01-07-02-02-01-12.png,disgust
features/mel_specs/03-01-07-02-02-02-12.png,disgust
features/mel_specs/03-01-08-01-01-01-12.png,surprise
features/mel_specs/03-01-08-01-01-02-12.png,surprise
features/mel_specs/03-01-08-01-02-01-12.png,surprise
features/mel_specs/03-01-08-01-02-02-12.png,surprise
features/mel_specs/03-01-08-02-01-01-12.png,surprise
features/mel_specs/03-01-08-02-01-02-12.png,surprise
features/mel_specs/03-01-08-02-02-01-12.png,surprise
features/mel_specs/03-01-08-02-02-02-12.png,surprise
features/mel_specs/03-01-01-01-01-01-13.png,neutral
features/mel_specs/03-01-01-01-01-02-13.png,neutral
features/mel_specs/03-01-01-01-02-01-13.png,neutral
features/mel_specs/03-01-01-01-02-02-13.png,neutral
features/mel_specs/03-01-02-01-01-01-13.png,calm
features/mel_specs/03-01-02-01-01-02-13.png,calm
features/mel_specs/03-01-02-01-02-01-13.png,calm
features/mel_specs/03-01-02-01-02-02-13.png,calm
features/mel_specs/03-01-02-02-01-01-13.png,calm
features/mel_specs/03-01-02-02-01-02-13.png,calm
features/mel_specs/03-01-02-02-02-01-13.png,calm
features/mel_specs/03-01-02-02-02-02-13.png,calm
features/mel_specs/03-01-03-01-01-01-13.png,happy
features/mel_specs/03-01-03-01-01-02-13.png,happy
features/mel_specs/03-01-03-01-02-01-13.png,happy
features/mel_specs/03-01-03-01-02-02-13.png,happy
features/mel_specs/03-01-03-02-01-01-13.png,happy
features/mel_specs/03-01-03-02-01-02-13.png,happy
features/mel_specs/03-01-03-02-02-01-13.png,happy
features/mel_specs/03-01-03-02-02-02-13.png,happy
features/mel_specs/03-01-04-01-01-01-13.png,sad
features/mel_specs/03-01-04-01-01-02-13.png,sad
features/mel_specs/03-01-04-01-02-01-13.png,sad
features/mel_specs/03-01-04-01-02-02-13.png,sad
features/mel_specs/03-01-04-02-01-01-13.png,sad
features/mel_specs/03-01-04-02-01-02-13.png,sad
features/mel_specs/03-01-04-02-02-01-13.png,sad
features/mel_specs/03-01-04-02-02-02-13.png,sad
features/mel_specs/03-01-05-01-01-01-13.png,angry
features/mel_specs/03-01-05-01-01-02-13.png,angry
features/mel_specs/03-01-05-01-02-01-13.png,angry
features/mel_specs/03-01-05-01-02-02-13.png,angry
features/mel_specs/03-01-05-02-01-01-13.png,angry
features/mel_specs/03-01-05-02-01-02-13.png,angry
features/mel_specs/03-01-05-02-02-01-13.png,angry
features/mel_specs/03-01-05-02-02-02-13.png,angry
features/mel_specs/03-01-06-01-01-01-13.png,fear
features/mel_specs/03-01-06-01-01-02-13.png,fear
features/mel_specs/03-01-06-01-02-01-13.png,fear
features/mel_specs/03-01-06-01-02-02-13.png,fear
features/mel_specs/03-01-06-02-01-01-13.png,fear
features/mel_specs/03-01-06-02-01-02-13.png,fear
features/mel_specs/03-01-06-02-02-01-13.png,fear
features/mel_specs/03-01-06-02-02-02-13.png,fear
features/mel_specs/03-01-07-01-01-01-13.png,disgust
features/mel_specs/03-01-07-01-01-02-13.png,disgust
features/mel_specs/03-01-07-01-02-01-13.png,disgust
features/mel_specs/03-01-07-01-02-02-13.png,disgust
features/mel_specs/03-01-07-02-01-01-13.png,disgust
features/mel_specs/03-01-07-02-01-02-13.png,disgust
features/mel_specs/03-01-07-02-02-01-13.png,disgust
features/mel_specs/03-01-07-02-02-02-13.png,disgust
features/mel_specs/03-01-08-01-01-01-13.png,surprise
features/mel_specs/03-01-08-01-01-02-13.png,surprise
features/mel_specs/03-01-08-01-02-01-13.png,surprise
features/mel_specs/03-01-08-01-02-02-13.png,surprise
features/mel_specs/03-01-08-02-01-01-13.png,surprise
features/mel_specs/03-01-08-02-01-02-13.png,surprise
features/mel_specs/03-01-08-02-02-01-13.png,surprise
features/mel_specs/03-01-08-02-02-02-13.png,surprise
features/mel_specs/03-01-01-01-01-01-14.png,neutral
features/mel_specs/03-01-01-01-01-02-14.png,neutral
features/mel_specs/03-01-01-01-02-01-14.png,neutral
features/mel_specs/03-01-01-01-02-02-14.png,neutral
features/mel_specs/03-01-02-01-01-01-14.png,calm
features/mel_specs/03-01-02-01-01-02-14.png,calm
features/mel_specs/03-01-02-01-02-01-14.png,calm
features/mel_specs/03-01-02-01-02-02-14.png,calm
features/mel_specs/03-01-02-02-01-01-14.png,calm
features/mel_specs/03-01-02-02-01-02-14.png,calm
features/mel_specs/03-01-02-02-02-01-14.png,calm
features/mel_specs/03-01-02-02-02-02-14.png,calm
features/mel_specs/03-01-03-01-01-01-14.png,happy
features/mel_specs/03-01-03-01-01-02-14.png,happy
features/mel_specs/03-01-03-01-02-01-14.png,happy
features/mel_specs/03-01-03-01-02-02-14.png,happy
features/mel_specs/03-01-03-02-01-01-14.png,happy
features/mel_specs/03-01-03-02-01-02-14.png,happy
features/mel_specs/03-01-03-02-02-01-14.png,happy
features/mel_specs/03-01-03-02-02-02-14.png,happy
features/mel_specs/03-01-04-01-01-01-14.png,sad
features/mel_specs/03-01-04-01-01-02-14.png,sad
features/mel_specs/03-01-04-01-02-01-14.png,sad
features/mel_specs/03-01-04-01-02-02-14.png,sad
features/mel_specs/03-01-04-02-01-01-14.png,sad
features/mel_specs/03-01-04-02-01-02-14.png,sad
features/mel_specs/03-01-04-02-02-01-14.png,sad
features/mel_specs/03-01-04-02-02-02-14.png,sad
features/mel_specs/03-01-05-01-01-01-14.png,angry
features/mel_specs/03-01-05-01-01-02-14.png,angry
features/mel_specs/03-01-05-01-02-01-14.png,angry
features/mel_specs/03-01-05-01-02-02-14.png,angry
features/mel_specs/03-01-05-02-01-01-14.png,angry
features/mel_specs/03-01-05-02-01-02-14.png,angry
features/mel_specs/03-01-05-02-02-01-14.png,angry
features/mel_specs/03-01-05-02-02-02-14.png,angry
features/mel_specs/03-01-06-01-01-01-14.png,fear
features/mel_specs/03-01-06-01-01-02-14.png,fear
features/mel_specs/03-01-06-01-02-01-14.png,fear
features/mel_specs/03-01-06-01-02-02-14.png,fear
features/mel_specs/03-01-06-02-01-01-14.png,fear
features/mel_specs/03-01-06-02-01-02-14.png,fear
features/mel_specs/03-01-06-02-02-01-14.png,fear
features/mel_specs/03-01-06-02-02-02-14.png,fear
features/mel_specs/03-01-07-01-01-01-14.png,disgust
features/mel_specs/03-01-07-01-01-02-14.png,disgust
features/mel_specs/03-01-07-01-02-01-14.png,disgust
features/mel_specs/03-01-07-01-02-02-14.png,disgust
features/mel_specs/03-01-07-02-01-01-14.png,disgust
features/mel_specs/03-01-07-02-01-02-14.png,disgust
features/mel_specs/03-01-07-02-02-01-14.png,disgust
features/mel_specs/03-01-07-02-02-02-14.png,disgust
features/mel_specs/03-01-08-01-01-01-14.png,surprise
features/mel_specs/03-01-08-01-01-02-14.png,surprise
features/mel_specs/03-01-08-01-02-01-14.png,surprise
features/mel_specs/03-01-08-01-02-02-14.png,surprise
features/mel_specs/03-01-08-02-01-01-14.png,surprise
features/mel_specs/03-01-08-02-01-02-14.png,surprise
features/mel_specs/03-01-08-02-02-01-14.png,surprise
features/mel_specs/03-01-08-02-02-02-14.png,surprise
features/mel_specs/03-01-01-01-01-01-15.png,neutral
features/mel_specs/03-01-01-01-01-02-15.png,neutral
features/mel_specs/03-01-01-01-02-01-15.png,neutral
features/mel_specs/03-01-01-01-02-02-15.png,neutral
features/mel_specs/03-01-02-01-01-01-15.png,calm
features/mel_specs/03-01-02-01-01-02-15.png,calm
features/mel_specs/03-01-02-01-02-01-15.png,calm
features/mel_specs/03-01-02-01-02-02-15.png,calm
features/mel_specs/03-01-02-02-01-01-15.png,calm
features/mel_specs/03-01-02-02-01-02-15.png,calm
features/mel_specs/03-01-02-02-02-01-15.png,calm
features/mel_specs/03-01-02-02-02-02-15.png,calm
features/mel_specs/03-01-03-01-01-01-15.png,happy
features/mel_specs/03-01-03-01-01-02-15.png,happy
features/mel_specs/03-01-03-01-02-01-15.png,happy
features/mel_specs/03-01-03-01-02-02-15.png,happy
features/mel_specs/03-01-03-02-01-01-15.png,happy
features/mel_specs/03-01-03-02-01-02-15.png,happy
features/mel_specs/03-01-03-02-02-01-15.png,happy
features/mel_specs/03-01-03-02-02-02-15.png,happy
features/mel_specs/03-01-04-01-01-01-15.png,sad
features/mel_specs/03-01-04-01-01-02-15.png,sad
features/mel_specs/03-01-04-01-02-01-15.png,sad
features/mel_specs/03-01-04-01-02-02-15.png,sad
features/mel_specs/03-01-04-02-01-01-15.png,sad
features/mel_specs/03-01-04-02-01-02-15.png,sad
features/mel_specs/03-01-04-02-02-01-15.png,sad
features/mel_specs/03-01-04-02-02-02-15.png,sad
features/mel_specs/03-01-05-01-01-01-15.png,angry
features/mel_specs/03-01-05-01-01-02-15.png,angry
features/mel_specs/03-01-05-01-02-01-15.png,angry
features/mel_specs/03-01-05-01-02-02-15.png,angry
features/mel_specs/03-01-05-02-01-01-15.png,angry
features/mel_specs/03-01-05-02-01-02-15.png,angry
features/mel_specs/03-01-05-02-02-01-15.png,angry
features/mel_specs/03-01-05-02-02-02-15.png,angry
features/mel_specs/03-01-06-01-01-01-15.png,fear
features/mel_specs/03-01-06-01-01-02-15.png,fear
features/mel_specs/03-01-06-01-02-01-15.png,fear
features/mel_specs/03-01-06-01-02-02-15.png,fear
features/mel_specs/03-01-06-02-01-01-15.png,fear
features/mel_specs/03-01-06-02-01-02-15.png,fear
features/mel_specs/03-01-06-02-02-01-15.png,fear
features/mel_specs/03-01-06-02-02-02-15.png,fear
features/mel_specs/03-01-07-01-01-01-15.png,disgust
features/mel_specs/03-01-07-01-01-02-15.png,disgust
features/mel_specs/03-01-07-01-02-01-15.png,disgust
features/mel_specs/03-01-07-01-02-02-15.png,disgust
features/mel_specs/03-01-07-02-01-01-15.png,disgust
features/mel_specs/03-01-07-02-01-02-15.png,disgust
features/mel_specs/03-01-07-02-02-01-15.png,disgust
features/mel_specs/03-01-07-02-02-02-15.png,disgust
features/mel_specs/03-01-08-01-01-01-15.png,surprise
features/mel_specs/03-01-08-01-01-02-15.png,surprise
features/mel_specs/03-01-08-01-02-01-15.png,surprise
features/mel_specs/03-01-08-01-02-02-15.png,surprise
features/mel_specs/03-01-08-02-01-01-15.png,surprise
features/mel_specs/03-01-08-02-01-02-15.png,surprise
features/mel_specs/03-01-08-02-02-01-15.png,surprise
features/mel_specs/03-01-08-02-02-02-15.png,surprise
features/mel_specs/03-01-01-01-01-01-16.png,neutral
features/mel_specs/03-01-01-01-01-02-16.png,neutral
features/mel_specs/03-01-01-01-02-01-16.png,neutral
features/mel_specs/03-01-01-01-02-02-16.png,neutral
features/mel_specs/03-01-02-01-01-01-16.png,calm
features/mel_specs/03-01-02-01-01-02-16.png,calm
features/mel_specs/03-01-02-01-02-01-16.png,calm
features/mel_specs/03-01-02-01-02-02-16.png,calm
features/mel_specs/03-01-02-02-01-01-16.png,calm
features/mel_specs/03-01-02-02-01-02-16.png,calm
features/mel_specs/03-01-02-02-02-01-16.png,calm
features/mel_specs/03-01-02-02-02-02-16.png,calm
features/mel_specs/03-01-03-01-01-01-16.png,happy
features/mel_specs/03-01-03-01-01-02-16.png,happy
features/mel_specs/03-01-03-01-02-01-16.png,happy
features/mel_specs/03-01-03-01-02-02-16.png,happy
features/mel_specs/03-01-03-02-01-01-16.png,happy
features/mel_specs/03-01-03-02-01-02-16.png,happy
features/mel_specs/03-01-03-02-02-01-16.png,happy
features/mel_specs/03-01-03-02-02-02-16.png,happy
features/mel_specs/03-01-04-01-01-01-16.png,sad
features/mel_specs/03-01-04-01-01-02-16.png,sad
features/mel_specs/03-01-04-01-02-01-16.png,sad
features/mel_specs/03-01-04-01-02-02-16.png,sad
features/mel_specs/03-01-04-02-01-01-16.png,sad
features/mel_specs/03-01-04-02-01-02-16.png,sad
features/mel_specs/03-01-04-02-02-01-16.png,sad
features/mel_specs/03-01-04-02-02-02-16.png,sad
features/mel_specs/03-01-05-01-01-01-16.png,angry
features/mel_specs/03-01-05-01-01-02-16.png,angry
features/mel_specs/03-01-05-01-02-01-16.png,angry
features/mel_specs/03-01-05-01-02-02-16.png,angry
features/mel_specs/03-01-05-02-01-01-16.png,angry
features/mel_specs/03-01-05-02-01-02-16.png,angry
features/mel_specs/03-01-05-02-02-01-16.png,angry
features/mel_specs/03-01-05-02-02-02-16.png,angry
features/mel_specs/03-01-06-01-01-01-16.png,fear
features/mel_specs/03-01-06-01-01-02-16.png,fear
features/mel_specs/03-01-06-01-02-01-16.png,fear
features/mel_specs/03-01-06-01-02-02-16.png,fear
features/mel_specs/03-01-06-02-01-01-16.png,fear
features/mel_specs/03-01-06-02-01-02-16.png,fear
features/mel_specs/03-01-06-02-02-01-16.png,fear
features/mel_specs/03-01-06-02-02-02-16.png,fear
features/mel_specs/03-01-07-01-01-01-16.png,disgust
features/mel_specs/03-01-07-01-01-02-16.png,disgust
features/mel_specs/03-01-07-01-02-01-16.png,disgust
features/mel_specs/03-01-07-01-02-02-16.png,disgust
features/mel_specs/03-01-07-02-01-01-16.png,disgust
features/mel_specs/03-01-07-02-01-02-16.png,disgust
features/mel_specs/03-01-07-02-02-01-16.png,disgust
features/mel_specs/03-01-07-02-02-02-16.png,disgust
features/mel_specs/03-01-08-01-01-01-16.png,surprise
features/mel_specs/03-01-08-01-01-02-16.png,surprise
features/mel_specs/03-01-08-01-02-01-16.png,surprise
features/mel_specs/03-01-08-01-02-02-16.png,surprise
features/mel_specs/03-01-08-02-01-01-16.png,surprise
features/mel_specs/03-01-08-02-01-02-16.png,surprise
features/mel_specs/03-01-08-02-02-01-16.png,surprise
features/mel_specs/03-01-08-02-02-02-16.png,surprise
features/mel_specs/03-01-01-01-01-01-17.png,neutral
features/mel_specs/03-01-01-01-01-02-17.png,neutral
features/mel_specs/03-01-01-01-02-01-17.png,neutral
features/mel_specs/03-01-01-01-02-02-17.png,neutral
features/mel_specs/03-01-02-01-01-01-17.png,calm
features/mel_specs/03-01-02-01-01-02-17.png,calm
features/mel_specs/03-01-02-01-02-01-17.png,calm
features/mel_specs/03-01-02-01-02-02-17.png,calm
features/mel_specs/03-01-02-02-01-01-17.png,calm
features/mel_specs/03-01-02-02-01-02-17.png,calm
features/mel_specs/03-01-02-02-02-01-17.png,calm
features/mel_specs/03-01-02-02-02-02-17.png,calm
features/mel_specs/03-01-03-01-01-01-17.png,happy
features/mel_specs/03-01-03-01-01-02-17.png,happy
features/mel_specs/03-01-03-01-02-01-17.png,happy
features/mel_specs/03-01-03-01-02-02-17.png,happy
features/mel_specs/03-01-03-02-01-01-17.png,happy
features/mel_specs/03-01-03-02-01-02-17.png,happy
features/mel_specs/03-01-03-02-02-01-17.png,happy
features/mel_specs/03-01-03-02-02-02-17.png,happy
features/mel_specs/03-01-04-01-01-01-17.png,sad
features/mel_specs/03-01-04-01-01-02-17.png,sad
features/mel_specs/03-01-04-01-02-01-17.png,sad
features/mel_specs/03-01-04-01-02-02-17.png,sad
features/mel_specs/03-01-04-02-01-01-17.png,sad
features/mel_specs/03-01-04-02-01-02-17.png,sad
features/mel_specs/03-01-04-02-02-01-17.png,sad
features/mel_specs/03-01-04-02-02-02-17.png,sad
features/mel_specs/03-01-05-01-01-01-17.png,angry
features/mel_specs/03-01-05-01-01-02-17.png,angry
features/mel_specs/03-01-05-01-02-01-17.png,angry
features/mel_specs/03-01-05-01-02-02-17.png,angry
features/mel_specs/03-01-05-02-01-01-17.png,angry
features/mel_specs/03-01-05-02-01-02-17.png,angry
features/mel_specs/03-01-05-02-02-01-17.png,angry
features/mel_specs/03-01-05-02-02-02-17.png,angry
features/mel_specs/03-01-06-01-01-01-17.png,fear
features/mel_specs/03-01-06-01-01-02-17.png,fear
features/mel_specs/03-01-06-01-02-01-17.png,fear
features/mel_specs/03-01-06-01-02-02-17.png,fear
features/mel_specs/03-01-06-02-01-01-17.png,fear
features/mel_specs/03-01-06-02-01-02-17.png,fear
features/mel_specs/03-01-06-02-02-01-17.png,fear
features/mel_specs/03-01-06-02-02-02-17.png,fear
features/mel_specs/03-01-07-01-01-01-17.png,disgust
features/mel_specs/03-01-07-01-01-02-17.png,disgust
features/mel_specs/03-01-07-01-02-01-17.png,disgust
features/mel_specs/03-01-07-01-02-02-17.png,disgust
features/mel_specs/03-01-07-02-01-01-17.png,disgust
features/mel_specs/03-01-07-02-01-02-17.png,disgust
features/mel_specs/03-01-07-02-02-01-17.png,disgust
features/mel_specs/03-01-07-02-02-02-17.png,disgust
features/mel_specs/03-01-08-01-01-01-17.png,surprise
features/mel_specs/03-01-08-01-01-02-17.png,surprise
features/mel_specs/03-01-08-01-02-01-17.png,surprise
features/mel_specs/03-01-08-01-02-02-17.png,surprise
features/mel_specs/03-01-08-02-01-01-17.png,surprise
features/mel_specs/03-01-08-02-01-02-17.png,surprise
features/mel_specs/03-01-08-02-02-01-17.png,surprise
features/mel_specs/03-01-08-02-02-02-17.png,surprise
features/mel_specs/03-01-01-01-01-01-18.png,neutral
features/mel_specs/03-01-01-01-01-02-18.png,neutral
features/mel_specs/03-01-01-01-02-01-18.png,neutral
features/mel_specs/03-01-01-01-02-02-18.png,neutral
features/mel_specs/03-01-02-01-01-01-18.png,calm
features/mel_specs/03-01-02-01-01-02-18.png,calm
features/mel_specs/03-01-02-01-02-01-18.png,calm
features/mel_specs/03-01-02-01-02-02-18.png,calm
features/mel_specs/03-01-02-02-01-01-18.png,calm
features/mel_specs/03-01-02-02-01-02-18.png,calm
features/mel_specs/03-01-02-02-02-01-18.png,calm
features/mel_specs/03-01-02-02-02-02-18.png,calm
features/mel_specs/03-01-03-01-01-01-18.png,happy
features/mel_specs/03-01-03-01-01-02-18.png,happy
features/mel_specs/03-01-03-01-02-01-18.png,happy
features/mel_specs/03-01-03-01-02-02-18.png,happy
features/mel_specs/03-01-03-02-01-01-18.png,happy
features/mel_specs/03-01-03-02-01-02-18.png,happy
features/mel_specs/03-01-03-02-02-01-18.png,happy
features/mel_specs/03-01-03-02-02-02-18.png,happy
features/mel_specs/03-01-04-01-01-01-18.png,sad
features/mel_specs/03-01-04-01-01-02-18.png,sad
features/mel_specs/03-01-04-01-02-01-18.png,sad
features/mel_specs/03-01-04-01-02-02-18.png,sad
features/mel_specs/03-01-04-02-01-01-18.png,sad
features/mel_specs/03-01-04-02-01-02-18.png,sad
features/mel_specs/03-01-04-02-02-01-18.png,sad
features/mel_specs/03-01-04-02-02-02-18.png,sad
features/mel_specs/03-01-05-01-01-01-18.png,angry
features/mel_specs/03-01-05-01-01-02-18.png,angry
features/mel_specs/03-01-05-01-02-01-18.png,angry
features/mel_specs/03-01-05-01-02-02-18.png,angry
features/mel_specs/03-01-05-02-01-01-18.png,angry
features/mel_specs/03-01-05-02-01-02-18.png,angry
features/mel_specs/03-01-05-02-02-01-18.png,angry
features/mel_specs/03-01-05-02-02-02-18.png,angry
features/mel_specs/03-01-06-01-01-01-18.png,fear
features/mel_specs/03-01-06-01-01-02-18.png,fear
features/mel_specs/03-01-06-01-02-01-18.png,fear
features/mel_specs/03-01-06-01-02-02-18.png,fear
features/mel_specs/03-01-06-02-01-01-18.png,fear
features/mel_specs/03-01-06-02-01-02-18.png,fear
features/mel_specs/03-01-06-02-02-01-18.png,fear
features/mel_specs/03-01-06-02-02-02-18.png,fear
features/mel_specs/03-01-07-01-01-01-18.png,disgust
features/mel_specs/03-01-07-01-01-02-18.png,disgust
features/mel_specs/03-01-07-01-02-01-18.png,disgust
features/mel_specs/03-01-07-01-02-02-18.png,disgust
features/mel_specs/03-01-07-02-01-01-18.png,disgust
features/mel_specs/03-01-07-02-01-02-18.png,disgust
features/mel_specs/03-01-07-02-02-01-18.png,disgust
features/mel_specs/03-01-07-02-02-02-18.png,disgust
features/mel_specs/03-01-08-01-01-01-18.png,surprise
features/mel_specs/03-01-08-01-01-02-18.png,surprise
features/mel_specs/03-01-08-01-02-01-18.png,surprise
features/mel_specs/03-01-08-01-02-02-18.png,surprise
features/mel_specs/03-01-08-02-01-01-18.png,surprise
features/mel_specs/03-01-08-02-01-02-18.png,surprise
features/mel_specs/03-01-08-02-02-01-18.png,surprise
features/mel_specs/03-01-08-02-02-02-18.png,surprise
features/mel_specs/03-01-01-01-01-01-19.png,neutral
features/mel_specs/03-01-01-01-01-02-19.png,neutral
features/mel_specs/03-01-01-01-02-01-19.png,neutral
features/mel_specs/03-01-01-01-02-02-19.png,neutral
features/mel_specs/03-01-02-01-01-01-19.png,calm
features/mel_specs/03-01-02-01-01-02-19.png,calm
features/mel_specs/03-01-02-01-02-01-19.png,calm
features/mel_specs/03-01-02-01-02-02-19.png,calm
features/mel_specs/03-01-02-02-01-01-19.png,calm
features/mel_specs/03-01-02-02-01-02-19.png,calm
features/mel_specs/03-01-02-02-02-01-19.png,calm
features/mel_specs/03-01-02-02-02-02-19.png,calm
features/mel_specs/03-01-03-01-01-01-19.png,happy
features/mel_specs/03-01-03-01-01-02-19.png,happy
features/mel_specs/03-01-03-01-02-01-19.png,happy
features/mel_specs/03-01-03-01-02-02-19.png,happy
features/mel_specs/03-01-03-02-01-01-19.png,happy
features/mel_specs/03-01-03-02-01-02-19.png,happy
features/mel_specs/03-01-03-02-02-01-19.png,happy
features/mel_specs/03-01-03-02-02-02-19.png,happy
features/mel_specs/03-01-04-01-01-01-19.png,sad
features/mel_specs/03-01-04-01-01-02-19.png,sad
features/mel_specs/03-01-04-01-02-01-19.png,sad
features/mel_specs/03-01-04-01-02-02-19.png,sad
features/mel_specs/03-01-04-02-01-01-19.png,sad
features/mel_specs/03-01-04-02-01-02-19.png,sad
features/mel_specs/03-01-04-02-02-01-19.png,sad
features/mel_specs/03-01-04-02-02-02-19.png,sad
features/mel_specs/03-01-05-01-01-01-19.png,angry
features/mel_specs/03-01-05-01-01-02-19.png,angry
features/mel_specs/03-01-05-01-02-01-19.png,angry
features/mel_specs/03-01-05-01-02-02-19.png,angry
features/mel_specs/03-01-05-02-01-01-19.png,angry
features/mel_specs/03-01-05-02-01-02-19.png,angry
features/mel_specs/03-01-05-02-02-01-19.png,angry
features/mel_specs/03-01-05-02-02-02-19.png,angry
features/mel_specs/03-01-06-01-01-01-19.png,fear
features/mel_specs/03-01-06-01-01-02-19.png,fear
features/mel_specs/03-01-06-01-02-01-19.png,fear
features/mel_specs/03-01-06-01-02-02-19.png,fear
features/mel_specs/03-01-06-02-01-01-19.png,fear
features/mel_specs/03-01-06-02-01-02-19.png,fear
features/mel_specs/03-01-06-02-02-01-19.png,fear
features/mel_specs/03-01-06-02-02-02-19.png,fear
features/mel_specs/03-01-07-01-01-01-19.png,disgust
features/mel_specs/03-01-07-01-01-02-19.png,disgust
features/mel_specs/03-01-07-01-02-01-19.png,disgust
features/mel_specs/03-01-07-01-02-02-19.png,disgust
features/mel_specs/03-01-07-02-01-01-19.png,disgust
features/mel_specs/03-01-07-02-01-02-19.png,disgust
features/mel_specs/03-01-07-02-02-01-19.png,disgust
features/mel_specs/03-01-07-02-02-02-19.png,disgust
features/mel_specs/03-01-08-01-01-01-19.png,surprise
features/mel_specs/03-01-08-01-01-02-19.png,surprise
features/mel_specs/03-01-08-01-02-01-19.png,surprise
features/mel_specs/03-01-08-01-02-02-19.png,surprise
features/mel_specs/03-01-08-02-01-01-19.png,surprise
features/mel_specs/03-01-08-02-01-02-19.png,surprise
features/mel_specs/03-01-08-02-02-01-19.png,surprise
features/mel_specs/03-01-08-02-02-02-19.png,surprise
features/mel_specs/03-01-01-01-01-01-20.png,neutral
features/mel_specs/03-01-01-01-01-02-20.png,neutral
features/mel_specs/03-01-01-01-02-01-20.png,neutral
features/mel_specs/03-01-01-01-02-02-20.png,neutral
features/mel_specs/03-01-02-01-01-01-20.png,calm
features/mel_specs/03-01-02-01-01-02-20.png,calm
features/mel_specs/03-01-02-01-02-01-20.png,calm
features/mel_specs/03-01-02-01-02-02-20.png,calm
features/mel_specs/03-01-02-02-01-01-20.png,calm
features/mel_specs/03-01-02-02-01-02-20.png,calm
features/mel_specs/03-01-02-02-02-01-20.png,calm
features/mel_specs/03-01-02-02-02-02-20.png,calm
features/mel_specs/03-01-03-01-01-01-20.png,happy
features/mel_specs/03-01-03-01-01-02-20.png,happy
features/mel_specs/03-01-03-01-02-01-20.png,happy
features/mel_specs/03-01-03-01-02-02-20.png,happy
features/mel_specs/03-01-03-02-01-01-20.png,happy
features/mel_specs/03-01-03-02-01-02-20.png,happy
features/mel_specs/03-01-03-02-02-01-20.png,happy
features/mel_specs/03-01-03-02-02-02-20.png,happy
features/mel_specs/03-01-04-01-01-01-20.png,sad
features/mel_specs/03-01-04-01-01-02-20.png,sad
features/mel_specs/03-01-04-01-02-01-20.png,sad
features/mel_specs/03-01-04-01-02-02-20.png,sad
features/mel_specs/03-01-04-02-01-01-20.png,sad
features/mel_specs/03-01-04-02-01-02-20.png,sad
features/mel_specs/03-01-04-02-02-01-20.png,sad
features/mel_specs/03-01-04-02-02-02-20.png,sad
features/mel_specs/03-01-05-01-01-01-20.png,angry
features/mel_specs/03-01-05-01-01-02-20.png,angry
features/mel_specs/03-01-05-01-02-01-20.png,angry
features/mel_specs/03-01-05-01-02-02-20.png,angry
features/mel_specs/03-01-05-02-01-01-20.png,angry
features/mel_specs/03-01-05-02-01-02-20.png,angry
features/mel_specs/03-01-05-02-02-01-20.png,angry
features/mel_specs/03-01-05-02-02-02-20.png,angry
features/mel_specs/03-01-06-01-01-01-20.png,fear
features/mel_specs/03-01-06-01-01-02-20.png,fear
features/mel_specs/03-01-06-01-02-01-20.png,fear
features/mel_specs/03-01-06-01-02-02-20.png,fear
features/mel_specs/03-01-06-02-01-01-20.png,fear
features/mel_specs/03-01-06-02-01-02-20.png,fear
features/mel_specs/03-01-06-02-02-01-20.png,fear
features/mel_specs/03-01-06-02-02-02-20.png,fear
features/mel_specs/03-01-07-01-01-01-20.png,disgust
features/mel_specs/03-01-07-01-01-02-20.png,disgust
features/mel_specs/03-01-07-01-02-01-20.png,disgust
features/mel_specs/03-01-07-01-02-02-20.png,disgust
features/mel_specs/03-01-07-02-01-01-20.png,disgust
features/mel_specs/03-01-07-02-01-02-20.png,disgust
features/mel_specs/03-01-07-02-02-01-20.png,disgust
features/mel_specs/03-01-07-02-02-02-20.png,disgust
features/mel_specs/03-01-08-01-01-01-20.png,surprise
features/mel_specs/03-01-08-01-01-02-20.png,surprise
features/mel_specs/03-01-08-01-02-01-20.png,surprise
features/mel_specs/03-01-08-01-02-02-20.png,surprise
features/mel_specs/03-01-08-02-01-01-20.png,surprise
features/mel_specs/03-01-08-02-01-02-20.png,surprise
features/mel_specs/03-01-08-02-02-01-20.png,surprise
features/mel_specs/03-01-08-02-02-02-20.png,surprise
features/mel_specs/03-01-01-01-01-01-21.png,neutral
features/mel_specs/03-01-01-01-01-02-21.png,neutral
features/mel_specs/03-01-01-01-02-01-21.png,neutral
features/mel_specs/03-01-01-01-02-02-21.png,neutral
features/mel_specs/03-01-02-01-01-01-21.png,calm
features/mel_specs/03-01-02-01-01-02-21.png,calm
features/mel_specs/03-01-02-01-02-01-21.png,calm
features/mel_specs/03-01-02-01-02-02-21.png,calm
features/mel_specs/03-01-02-02-01-01-21.png,calm
features/mel_specs/03-01-02-02-01-02-21.png,calm
features/mel_specs/03-01-02-02-02-01-21.png,calm
features/mel_specs/03-01-02-02-02-02-21.png,calm
features/mel_specs/03-01-03-01-01-01-21.png,happy
features/mel_specs/03-01-03-01-01-02-21.png,happy
features/mel_specs/03-01-03-01-02-01-21.png,happy
features/mel_specs/03-01-03-01-02-02-21.png,happy
features/mel_specs/03-01-03-02-01-01-21.png,happy
features/mel_specs/03-01-03-02-01-02-21.png,happy
features/mel_specs/03-01-03-02-02-01-21.png,happy
features/mel_specs/03-01-03-02-02-02-21.png,happy
features/mel_specs/03-01-04-01-01-01-21.png,sad
features/mel_specs/03-01-04-01-01-02-21.png,sad
features/mel_specs/03-01-04-01-02-01-21.png,sad
features/mel_specs/03-01-04-01-02-02-21.png,sad
features/mel_specs/03-01-04-02-01-01-21.png,sad
features/mel_specs/03-01-04-02-01-02-21.png,sad
features/mel_specs/03-01-04-02-02-01-21.png,sad
features/mel_specs/03-01-04-02-02-02-21.png,sad
features/mel_specs/03-01-05-01-01-01-21.png,angry
features/mel_specs/03-01-05-01-01-02-21.png,angry
features/mel_specs/03-01-05-01-02-01-21.png,angry
features/mel_specs/03-01-05-01-02-02-21.png,angry
features/mel_specs/03-01-05-02-01-01-21.png,angry
features/mel_specs/03-01-05-02-01-02-21.png,angry
features/mel_specs/03-01-05-02-02-01-21.png,angry
features/mel_specs/03-01-05-02-02-02-21.png,angry
features/mel_specs/03-01-06-01-01-01-21.png,fear
features/mel_specs/03-01-06-01-01-02-21.png,fear
features/mel_specs/03-01-06-01-02-01-21.png,fear
features/mel_specs/03-01-06-01-02-02-21.png,fear
features/mel_specs/03-01-06-02-01-01-21.png,fear
features/mel_specs/03-01-06-02-01-02-21.png,fear
features/mel_specs/03-01-06-02-02-01-21.png,fear
features/mel_specs/03-01-06-02-02-02-21.png,fear
features/mel_specs/03-01-07-01-01-01-21.png,disgust
features/mel_specs/03-01-07-01-01-02-21.png,disgust
features/mel_specs/03-01-07-01-02-01-21.png,disgust
features/mel_specs/03-01-07-01-02-02-21.png,disgust
features/mel_specs/03-01-07-02-01-01-21.png,disgust
features/mel_specs/03-01-07-02-01-02-21.png,disgust
features/mel_specs/03-01-07-02-02-01-21.png,disgust
features/mel_specs/03-01-07-02-02-02-21.png,disgust
features/mel_specs/03-01-08-01-01-01-21.png,surprise
features/mel_specs/03-01-08-01-01-02-21.png,surprise
features/mel_specs/03-01-08-01-02-01-21.png,surprise
features/mel_specs/03-01-08-01-02-02-21.png,surprise
features/mel_specs/03-01-08-02-01-01-21.png,surprise
features/mel_specs/03-01-08-02-01-02-21.png,surprise
features/mel_specs/03-01-08-02-02-01-21.png,surprise
features/mel_specs/03-01-08-02-02-02-21.png,surprise
features/mel_specs/03-01-01-01-01-01-22.png,neutral
features/mel_specs/03-01-01-01-01-02-22.png,neutral
features/mel_specs/03-01-01-01-02-01-22.png,neutral
features/mel_specs/03-01-01-01-02-02-22.png,neutral
features/mel_specs/03-01-02-01-01-01-22.png,calm
features/mel_specs/03-01-02-01-01-02-22.png,calm
features/mel_specs/03-01-02-01-02-01-22.png,calm
features/mel_specs/03-01-02-01-02-02-22.png,calm
features/mel_specs/03-01-02-02-01-01-22.png,calm
features/mel_specs/03-01-02-02-01-02-22.png,calm
features/mel_specs/03-01-02-02-02-01-22.png,calm
features/mel_specs/03-01-02-02-02-02-22.png,calm
features/mel_specs/03-01-03-01-01-01-22.png,happy
features/mel_specs/03-01-03-01-01-02-22.png,happy
features/mel_specs/03-01-03-01-02-01-22.png,happy
features/mel_specs/03-01-03-01-02-02-22.png,happy
features/mel_specs/03-01-03-02-01-01-22.png,happy
features/mel_specs/03-01-03-02-01-02-22.png,happy
features/mel_specs/03-01-03-02-02-01-22.png,happy
features/mel_specs/03-01-03-02-02-02-22.png,happy
features/mel_specs/03-01-04-01-01-01-22.png,sad
features/mel_specs/03-01-04-01-01-02-22.png,sad
features/mel_specs/03-01-04-01-02-01-22.png,sad
features/mel_specs/03-01-04-01-02-02-22.png,sad
features/mel_specs/03-01-04-02-01-01-22.png,sad
features/mel_specs/03-01-04-02-01-02-22.png,sad
features/mel_specs/03-01-04-02-02-01-22.png,sad
features/mel_specs/03-01-04-02-02-02-22.png,sad
features/mel_specs/03-01-05-01-01-01-22.png,angry
features/mel_specs/03-01-05-01-01-02-22.png,angry
features/mel_specs/03-01-05-01-02-01-22.png,angry
features/mel_specs/03-01-05-01-02-02-22.png,angry
features/mel_specs/03-01-05-02-01-01-22.png,angry
features/mel_specs/03-01-05-02-01-02-22.png,angry
features/mel_specs/03-01-05-02-02-01-22.png,angry
features/mel_specs/03-01-05-02-02-02-22.png,angry
features/mel_specs/03-01-06-01-01-01-22.png,fear
features/mel_specs/03-01-06-01-01-02-22.png,fear
features/mel_specs/03-01-06-01-02-01-22.png,fear
features/mel_specs/03-01-06-01-02-02-22.png,fear
features/mel_specs/03-01-06-02-01-01-22.png,fear
features/mel_specs/03-01-06-02-01-02-22.png,fear
features/mel_specs/03-01-06-02-02-01-22.png,fear
features/mel_specs/03-01-06-02-02-02-22.png,fear
features/mel_specs/03-01-07-01-01-01-22.png,disgust
features/mel_specs/03-01-07-01-01-02-22.png,disgust
features/mel_specs/03-01-07-01-02-01-22.png,disgust
features/mel_specs/03-01-07-01-02-02-22.png,disgust
features/mel_specs/03-01-07-02-01-01-22.png,disgust
features/mel_specs/03-01-07-02-01-02-22.png,disgust
features/mel_specs/03-01-07-02-02-01-22.png,disgust
features/mel_specs/03-01-07-02-02-02-22.png,disgust
features/mel_specs/03-01-08-01-01-01-22.png,surprise
features/mel_specs/03-01-08-01-01-02-22.png,surprise
features/mel_specs/03-01-08-01-02-01-22.png,surprise
features/mel_specs/03-01-08-01-02-02-22.png,surprise
features/mel_specs/03-01-08-02-01-01-22.png,surprise
features/mel_specs/03-01-08-02-01-02-22.png,surprise
features/mel_specs/03-01-08-02-02-01-22.png,surprise
features/mel_specs/03-01-08-02-02-02-22.png,surprise
features/mel_specs/03-01-01-01-01-01-23.png,neutral
features/mel_specs/03-01-01-01-01-02-23.png,neutral
features/mel_specs/03-01-01-01-02-01-23.png,neutral
features/mel_specs/03-01-01-01-02-02-23.png,neutral
features/mel_specs/03-01-02-01-01-01-23.png,calm
features/mel_specs/03-01-02-01-01-02-23.png,calm
features/mel_specs/03-01-02-01-02-01-23.png,calm
features/mel_specs/03-01-02-01-02-02-23.png,calm
features/mel_specs/03-01-02-02-01-01-23.png,calm
features/mel_specs/03-01-02-02-01-02-23.png,calm
features/mel_specs/03-01-02-02-02-01-23.png,calm
features/mel_specs/03-01-02-02-02-02-23.png,calm
features/mel_specs/03-01-03-01-01-01-23.png,happy
features/mel_specs/03-01-03-01-01-02-23.png,happy
features/mel_specs/03-01-03-01-02-01-23.png,happy
features/mel_specs/03-01-03-01-02-02-23.png,happy
features/mel_specs/03-01-03-02-01-01-23.png,happy
features/mel_specs/03-01-03-02-01-02-23.png,happy
features/mel_specs/03-01-03-02-02-01-23.png,happy
features/mel_specs/03-01-03-02-02-02-23.png,happy
features/mel_specs/03-01-04-01-01-01-23.png,sad
features/mel_specs/03-01-04-01-01-02-23.png,sad
features/mel_specs/03-01-04-01-02-01-23.png,sad
features/mel_specs/03-01-04-01-02-02-23.png,sad
features/mel_specs/03-01-04-02-01-01-23.png,sad
features/mel_specs/03-01-04-02-01-02-23.png,sad
features/mel_specs/03-01-04-02-02-01-23.png,sad
features/mel_specs/03-01-04-02-02-02-23.png,sad
features/mel_specs/03-01-05-01-01-01-23.png,angry
features/mel_specs/03-01-05-01-01-02-23.png,angry
features/mel_specs/03-01-05-01-02-01-23.png,angry
features/mel_specs/03-01-05-01-02-02-23.png,angry
features/mel_specs/03-01-05-02-01-01-23.png,angry
features/mel_specs/03-01-05-02-01-02-23.png,angry
features/mel_specs/03-01-05-02-02-01-23.png,angry
features/mel_specs/03-01-05-02-02-02-23.png,angry
features/mel_specs/03-01-06-01-01-01-23.png,fear
features/mel_specs/03-01-06-01-01-02-23.png,fear
features/mel_specs/03-01-06-01-02-01-23.png,fear
features/mel_specs/03-01-06-01-02-02-23.png,fear
features/mel_specs/03-01-06-02-01-01-23.png,fear
features/mel_specs/03-01-06-02-01-02-23.png,fear
features/mel_specs/03-01-06-02-02-01-23.png,fear
features/mel_specs/03-01-06-02-02-02-23.png,fear
features/mel_specs/03-01-07-01-01-01-23.png,disgust
features/mel_specs/03-01-07-01-01-02-23.png,disgust
features/mel_specs/03-01-07-01-02-01-23.png,disgust
features/mel_specs/03-01-07-01-02-02-23.png,disgust
features/mel_specs/03-01-07-02-01-01-23.png,disgust
features/mel_specs/03-01-07-02-01-02-23.png,disgust
features/mel_specs/03-01-07-02-02-01-23.png,disgust
features/mel_specs/03-01-07-02-02-02-23.png,disgust
features/mel_specs/03-01-08-01-01-01-23.png,surprise
features/mel_specs/03-01-08-01-01-02-23.png,surprise
features/mel_specs/03-01-08-01-02-01-23.png,surprise
features/mel_specs/03-01-08-01-02-02-23.png,surprise
features/mel_specs/03-01-08-02-01-01-23.png,surprise
features/mel_specs/03-01-08-02-01-02-23.png,surprise
features/mel_specs/03-01-08-02-02-01-23.png,surprise
features/mel_specs/03-01-08-02-02-02-23.png,surprise
features/mel_specs/03-01-01-01-01-01-24.png,neutral
features/mel_specs/03-01-01-01-01-02-24.png,neutral
features/mel_specs/03-01-01-01-02-01-24.png,neutral
features/mel_specs/03-01-01-01-02-02-24.png,neutral
features/mel_specs/03-01-02-01-01-01-24.png,calm
features/mel_specs/03-01-02-01-01-02-24.png,calm
features/mel_specs/03-01-02-01-02-01-24.png,calm
features/mel_specs/03-01-02-01-02-02-24.png,calm
features/mel_specs/03-01-02-02-01-01-24.png,calm
features/mel_specs/03-01-02-02-01-02-24.png,calm
features/mel_specs/03-01-02-02-02-01-24.png,calm
features/mel_specs/03-01-02-02-02-02-24.png,calm
features/mel_specs/03-01-03-01-01-01-24.png,happy
features/mel_specs/03-01-03-01-01-02-24.png,happy
features/mel_specs/03-01-03-01-02-01-24.png,happy
features/mel_specs/03-01-03-01-02-02-24.png,happy
features/mel_specs/03-01-03-02-01-01-24.png,happy
features/mel_specs/03-01-03-02-01-02-24.png,happy
features/mel_specs/03-01-03-02-02-01-24.png,happy
features/mel_specs/03-01-03-02-02-02-24.png,happy
features/mel_specs/03-01-04-01-01-01-24.png,sad
features/mel_specs/03-01-04-01-01-02-24.png,sad
features/mel_specs/03-01-04-01-02-01-24.png,sad
features/mel_specs/03-01-04-01-02-02-24.png,sad
features/mel_specs/03-01-04-02-01-01-24.png,sad
features/mel_specs/03-01-04-02-01-02-24.png,sad
features/mel_specs/03-01-04-02-02-01-24.png,sad
features/mel_specs/03-01-04-02-02-02-24.png,sad
features/mel_specs/03-01-05-01-01-01-24.png,angry
features/mel_specs/03-01-05-01-01-02-24.png,angry
features/mel_specs/03-01-05-01-02-01-24.png,angry
features/mel_specs/03-01-05-01-02-02-24.png,angry
features/mel_specs/03-01-05-02-01-01-24.png,angry
features/mel_specs/03-01-05-02-01-02-24.png,angry
features/mel_specs/03-01-05-02-02-01-24.png,angry
features/mel_specs/03-01-05-02-02-02-24.png,angry
features/mel_specs/03-01-06-01-01-01-24.png,fear
features/mel_specs/03-01-06-01-01-02-24.png,fear
features/mel_specs/03-01-06-01-02-01-24.png,fear
features/mel_specs/03-01-06-01-02-02-24.png,fear
features/mel_specs/03-01-06-02-01-01-24.png,fear
features/mel_specs/03-01-06-02-01-02-24.png,fear
features/mel_specs/03-01-06-02-02-01-24.png,fear
features/mel_specs/03-01-06-02-02-02-24.png,fear
features/mel_specs/03-01-07-01-01-01-24.png,disgust
features/mel_specs/03-01-07-01-01-02-24.png,disgust
features/mel_specs/03-01-07-01-02-01-24.png,disgust
features/mel_specs/03-01-07-01-02-02-24.png,disgust
features/mel_specs/03-01-07-02-01-01-24.png,disgust
features/mel_specs/03-01-07-02-01-02-24.png,disgust
features/mel_specs/03-01-07-02-02-01-24.png,disgust
features/mel_specs/03-01-07-02-02-02-24.png,disgust
features/mel_specs/03-01-08-01-01-01-24.png,surprise
features/mel_specs/03-01-08-01-01-02-24.png,surprise
features/mel_specs/03-01-08-01-02-01-24.png,surprise
features/mel_specs/03-01-08-01-02-02-24.png,surprise
features/mel_specs/03-01-08-02-01-01-24.png,surprise
features/mel_specs/03-01-08-02-01-02-24.png,surprise
features/mel_specs/03-01-08-02-02-01-24.png,surprise
features/mel_specs/03-01-08-02-02-02-24.png,surprise
